"","UBIGEO","DEPARTAMENTO","PROVINCIA","DISTRITO","FALTAS_CONTRA_EL_PATRIMONIO","FALTAS_CONTRA_LA_SEGURIDAD_PUBLICA","FALTAS_CONTRA_LA_TRANQUILIDAD_PUBLICA","FALTAS_CONTRA_LAS_BUENAS_COSTUMBRES","FALTAS_CONTRA_LAS_PERSONAS"
"1","x010101","AMAZONAS","CHACHAPOYAS","CHACHAPOYAS",9,0,0,4,53
"2","x010103","AMAZONAS","CHACHAPOYAS","BALSAS",1,0,2,2,0
"3","x010109","AMAZONAS","CHACHAPOYAS","LA JALCA",1,0,0,1,2
"4","x010110","AMAZONAS","CHACHAPOYAS","LEIMEBAMBA",3,0,0,0,7
"5","x010113","AMAZONAS","CHACHAPOYAS","MARISCAL CASTILLA",1,0,0,0,1
"6","x010114","AMAZONAS","CHACHAPOYAS","MOLINOPAMPA",1,0,0,1,4
"7","x010117","AMAZONAS","CHACHAPOYAS","QUINJALCA",1,0,0,1,1
"8","x010118","AMAZONAS","CHACHAPOYAS","SAN FRANCISCO DE DAGUAS",3,0,0,0,2
"9","x010201","AMAZONAS","BAGUA","BAGUA",5,0,0,3,11
"10","x010202","AMAZONAS","BAGUA","ARAMANGO",3,0,0,1,3
"11","x010203","AMAZONAS","BAGUA","COPALLIN",1,0,0,1,2
"12","x010205","AMAZONAS","BAGUA","IMAZA",0,0,0,0,2
"13","x010206","AMAZONAS","BAGUA","LA PECA",6,2,2,3,5
"14","x010301","AMAZONAS","BONGARA","JUMBILLA",3,0,0,0,8
"15","x010303","AMAZONAS","BONGARA","CHURUJA",0,0,0,0,2
"16","x010306","AMAZONAS","BONGARA","FLORIDA",0,0,0,0,6
"17","x010307","AMAZONAS","BONGARA","JAZAN",8,2,0,3,14
"18","x010311","AMAZONAS","BONGARA","VALERA",0,0,0,1,0
"19","x010312","AMAZONAS","BONGARA","YAMBRASBAMBA",3,0,0,1,1
"20","x010401","AMAZONAS","CONDORCANQUI","NIEVA",4,0,0,9,5
"21","x010501","AMAZONAS","LUYA","LAMUD",1,0,0,0,3
"22","x010502","AMAZONAS","LUYA","CAMPORREDONDO",1,1,0,0,0
"23","x010504","AMAZONAS","LUYA","COLCAMAR",1,0,0,0,1
"24","x010509","AMAZONAS","LUYA","LUYA",4,0,0,0,5
"25","x010512","AMAZONAS","LUYA","OCALLI",0,0,0,0,1
"26","x010521","AMAZONAS","LUYA","SANTO TOMAS",1,0,0,0,2
"27","x010522","AMAZONAS","LUYA","TINGO",2,0,0,0,6
"28","x010601","AMAZONAS","RODRIGUEZ DE MENDOZA","SAN NICOLAS",7,0,0,0,16
"29","x010602","AMAZONAS","RODRIGUEZ DE MENDOZA","CHIRIMOTO",2,0,0,0,2
"30","x010604","AMAZONAS","RODRIGUEZ DE MENDOZA","HUAMBO",4,0,0,6,18
"31","x010605","AMAZONAS","RODRIGUEZ DE MENDOZA","LIMABAMBA",1,0,0,3,0
"32","x010606","AMAZONAS","RODRIGUEZ DE MENDOZA","LONGAR",0,0,0,6,2
"33","x010609","AMAZONAS","RODRIGUEZ DE MENDOZA","OMIA",0,0,0,0,2
"34","x010610","AMAZONAS","RODRIGUEZ DE MENDOZA","SANTA ROSA",1,0,0,1,0
"35","x010701","AMAZONAS","UTCUBAMBA","BAGUA GRANDE",12,0,2,12,27
"36","x010702","AMAZONAS","UTCUBAMBA","CAJARURO",2,0,1,2,2
"37","x010703","AMAZONAS","UTCUBAMBA","CUMBA",0,0,0,0,4
"38","x010704","AMAZONAS","UTCUBAMBA","EL MILAGRO",2,1,0,3,11
"39","x010705","AMAZONAS","UTCUBAMBA","JAMALCA",1,0,1,0,3
"40","x010706","AMAZONAS","UTCUBAMBA","LONYA GRANDE",4,0,0,0,4
"41","x020101","ANCASH","HUARAZ","HUARAZ",77,1,7,9,448
"42","x020105","ANCASH","HUARAZ","INDEPENDENCIA",8,1,0,0,50
"43","x020110","ANCASH","HUARAZ","PARIACOTO",2,0,0,1,5
"44","x020112","ANCASH","HUARAZ","TARICA",4,0,0,1,14
"45","x020201","ANCASH","AIJA","AIJA",1,0,0,0,6
"46","x020301","ANCASH","ANTONIO RAYMONDI","LLAMELLIN",2,0,0,1,3
"47","x020401","ANCASH","ASUNCION","CHACAS",2,1,0,0,2
"48","x020501","ANCASH","BOLOGNESI","CHIQUIAN",3,0,0,0,20
"49","x020505","ANCASH","BOLOGNESI","CAJACAY",2,0,0,0,0
"50","x020507","ANCASH","BOLOGNESI","COLQUIOC",1,0,0,2,2
"51","x020508","ANCASH","BOLOGNESI","HUALLANCA",4,0,0,0,18
"52","x020601","ANCASH","CARHUAZ","CARHUAZ",1,0,1,0,27
"53","x020604","ANCASH","CARHUAZ","ANTA",3,0,1,0,6
"54","x020606","ANCASH","CARHUAZ","MARCARA",7,0,0,2,7
"55","x020609","ANCASH","CARHUAZ","SHILLA",2,0,0,0,19
"56","x020701","ANCASH","CARLOS FERMIN FITZCARRALD","SAN LUIS",0,0,0,0,6
"57","x020801","ANCASH","CASMA","CASMA",16,0,2,0,46
"58","x020804","ANCASH","CASMA","YAUTAN",21,1,1,0,44
"59","x020901","ANCASH","CORONGO","CORONGO",3,0,0,0,6
"60","x020905","ANCASH","CORONGO","LA PAMPA",3,0,0,1,4
"61","x021001","ANCASH","HUARI","HUARI",8,0,0,2,9
"62","x021004","ANCASH","HUARI","CHAVIN DE HUANTAR",5,0,0,0,41
"63","x021005","ANCASH","HUARI","HUACACHI",1,0,0,0,2
"64","x021009","ANCASH","HUARI","MASIN",0,0,0,0,2
"65","x021014","ANCASH","HUARI","SAN MARCOS",4,0,0,0,11
"66","x021016","ANCASH","HUARI","UCO",1,0,0,0,0
"67","x021101","ANCASH","HUARMEY","HUARMEY",7,0,0,0,64
"68","x021201","ANCASH","HUAYLAS","CARAZ",8,0,0,2,38
"69","x021202","ANCASH","HUAYLAS","HUALLANCA",1,0,0,0,3
"70","x021204","ANCASH","HUAYLAS","HUAYLAS",1,0,0,0,4
"71","x021301","ANCASH","MARISCAL LUZURIAGA","PISCOBAMBA",2,0,0,2,12
"72","x021501","ANCASH","PALLASCA","CABANA",4,0,0,0,5
"73","x021508","ANCASH","PALLASCA","PALLASCA",0,0,0,2,5
"74","x021509","ANCASH","PALLASCA","PAMPAS",1,0,0,0,1
"75","x021511","ANCASH","PALLASCA","TAUCA",2,0,0,2,11
"76","x021601","ANCASH","POMABAMBA","POMABAMBA",5,0,0,2,22
"77","x021701","ANCASH","RECUAY","RECUAY",3,0,0,1,24
"78","x021702","ANCASH","RECUAY","CATAC",2,0,0,0,2
"79","x021801","ANCASH","SANTA","CHIMBOTE",292,6,9,51,722
"80","x021802","ANCASH","SANTA","CACERES DEL PERU",0,0,0,1,1
"81","x021803","ANCASH","SANTA","COISHCO",4,0,0,0,34
"82","x021804","ANCASH","SANTA","MACATE",0,0,0,0,1
"83","x021805","ANCASH","SANTA","MORO",6,0,0,3,18
"84","x021806","ANCASH","SANTA","NEPEÑA",3,0,0,1,6
"85","x021807","ANCASH","SANTA","SAMANCO",3,0,0,0,1
"86","x021808","ANCASH","SANTA","SANTA",20,0,1,9,52
"87","x021809","ANCASH","SANTA","NUEVO CHIMBOTE",77,6,6,51,219
"88","x021901","ANCASH","SIHUAS","SIHUAS",1,0,1,1,15
"89","x022001","ANCASH","YUNGAY","YUNGAY",5,0,0,0,12
"90","x022002","ANCASH","YUNGAY","CASCAPARA",1,0,1,0,1
"91","x022003","ANCASH","YUNGAY","MANCOS",1,0,0,0,4
"92","x022006","ANCASH","YUNGAY","RANRAHIRCA",0,0,0,0,7
"93","x022007","ANCASH","YUNGAY","SHUPLUY",0,0,0,0,1
"94","x022008","ANCASH","YUNGAY","YANAMA",1,0,0,1,1
"95","x030101","APURIMAC","ABANCAY","ABANCAY",108,1,4,17,524
"96","x030102","APURIMAC","ABANCAY","CHACOCHE",0,0,0,2,9
"97","x030104","APURIMAC","ABANCAY","CURAHUASI",4,1,16,2,23
"98","x030105","APURIMAC","ABANCAY","HUANIPACA",0,0,0,1,4
"99","x030106","APURIMAC","ABANCAY","LAMBRAMA",3,0,0,0,18
"100","x030108","APURIMAC","ABANCAY","SAN PEDRO DE CACHORA",2,0,0,0,18
"101","x030109","APURIMAC","ABANCAY","TAMBURCO",24,0,0,9,62
"102","x030201","APURIMAC","ANDAHUAYLAS","ANDAHUAYLAS",14,0,6,1,189
"103","x030202","APURIMAC","ANDAHUAYLAS","ANDARAPA",0,0,0,0,2
"104","x030204","APURIMAC","ANDAHUAYLAS","HUANCARAMA",0,1,0,2,10
"105","x030205","APURIMAC","ANDAHUAYLAS","HUANCARAY",5,1,0,2,6
"106","x030207","APURIMAC","ANDAHUAYLAS","KISHUARA",1,0,0,0,2
"107","x030209","APURIMAC","ANDAHUAYLAS","PACUCHA",1,0,0,0,1
"108","x030210","APURIMAC","ANDAHUAYLAS","PAMPACHIRI",0,0,0,0,9
"109","x030212","APURIMAC","ANDAHUAYLAS","SAN ANTONIO DE CACHI",4,0,0,0,7
"110","x030213","APURIMAC","ANDAHUAYLAS","SAN JERONIMO",8,0,0,4,15
"111","x030215","APURIMAC","ANDAHUAYLAS","SANTA MARIA DE CHICMO",0,0,0,0,9
"112","x030216","APURIMAC","ANDAHUAYLAS","TALAVERA",28,1,1,0,144
"113","x030217","APURIMAC","ANDAHUAYLAS","TUMAY HUARACA",0,0,0,0,1
"114","x030218","APURIMAC","ANDAHUAYLAS","TURPO",3,0,0,0,7
"115","x030301","APURIMAC","ANTABAMBA","ANTABAMBA",4,0,0,0,13
"116","x030305","APURIMAC","ANTABAMBA","OROPESA",3,0,0,0,13
"117","x030306","APURIMAC","ANTABAMBA","PACHACONAS",1,0,1,2,13
"118","x030401","APURIMAC","AYMARAES","CHALHUANCA",2,0,1,1,35
"119","x030406","APURIMAC","AYMARAES","COTARUSE",1,0,0,0,3
"120","x030414","APURIMAC","AYMARAES","TAPAIRIHUA",0,0,0,0,3
"121","x030415","APURIMAC","AYMARAES","TINTAY",1,0,0,0,22
"122","x030417","APURIMAC","AYMARAES","YANACA",0,0,0,0,8
"123","x030501","APURIMAC","COTABAMBAS","TAMBOBAMBA",5,3,1,4,29
"124","x030504","APURIMAC","COTABAMBAS","HAQUIRA",7,0,0,0,24
"125","x030506","APURIMAC","COTABAMBAS","CHALLHUAHUACHO",13,1,0,7,16
"126","x030601","APURIMAC","CHINCHEROS","CHINCHEROS",5,0,0,1,15
"127","x030602","APURIMAC","CHINCHEROS","ANCO-HUALLO",10,0,2,2,36
"128","x030603","APURIMAC","CHINCHEROS","COCHARCAS",0,0,0,0,2
"129","x030604","APURIMAC","CHINCHEROS","HUACCANA",1,0,0,2,5
"130","x030605","APURIMAC","CHINCHEROS","OCOBAMBA",5,0,0,0,6
"131","x030606","APURIMAC","CHINCHEROS","ONGOY",0,0,0,1,6
"132","x030607","APURIMAC","CHINCHEROS","URANMARCA",3,0,0,0,4
"133","x030608","APURIMAC","CHINCHEROS","RANRACANCHA",0,0,0,1,6
"134","x030701","APURIMAC","GRAU","CHUQUIBAMBILLA",8,0,0,14,43
"135","x030708","APURIMAC","GRAU","PROGRESO",6,0,0,1,11
"136","x040101","AREQUIPA","AREQUIPA","AREQUIPA",1199,1,7,87,839
"137","x040102","AREQUIPA","AREQUIPA","ALTO SELVA ALEGRE",107,2,6,41,255
"138","x040103","AREQUIPA","AREQUIPA","CAYMA",276,3,32,17,179
"139","x040104","AREQUIPA","AREQUIPA","CERRO COLORADO",299,2,5,19,691
"140","x040105","AREQUIPA","AREQUIPA","CHARACATO",51,0,2,2,98
"141","x040106","AREQUIPA","AREQUIPA","CHIGUATA",3,0,2,6,5
"142","x040107","AREQUIPA","AREQUIPA","JACOBO HUNTER",29,0,0,13,73
"143","x040108","AREQUIPA","AREQUIPA","LA JOYA",69,0,0,6,152
"144","x040109","AREQUIPA","AREQUIPA","MARIANO MELGAR",117,5,5,26,287
"145","x040110","AREQUIPA","AREQUIPA","MIRAFLORES",210,1,1,4,255
"146","x040111","AREQUIPA","AREQUIPA","MOLLEBAYA",11,0,1,5,12
"147","x040112","AREQUIPA","AREQUIPA","PAUCARPATA",110,5,9,62,177
"148","x040113","AREQUIPA","AREQUIPA","POCSI",0,0,0,0,4
"149","x040114","AREQUIPA","AREQUIPA","POLOBAYA",0,0,0,3,7
"150","x040116","AREQUIPA","AREQUIPA","SABANDIA",4,0,1,4,11
"151","x040117","AREQUIPA","AREQUIPA","SACHACA",27,1,4,21,41
"152","x040118","AREQUIPA","AREQUIPA","SAN JUAN DE SIGUAS",0,0,0,2,4
"153","x040119","AREQUIPA","AREQUIPA","SAN JUAN DE TARUCANI",0,2,0,1,0
"154","x040120","AREQUIPA","AREQUIPA","SANTA ISABEL DE SIGUAS",2,0,0,0,1
"155","x040121","AREQUIPA","AREQUIPA","SANTA RITA DE SIGUAS",1,0,0,1,17
"156","x040122","AREQUIPA","AREQUIPA","SOCABAYA",215,1,8,16,205
"157","x040123","AREQUIPA","AREQUIPA","TIABAYA",44,2,2,48,93
"158","x040124","AREQUIPA","AREQUIPA","UCHUMAYO",32,1,0,21,36
"159","x040125","AREQUIPA","AREQUIPA","VITOR",2,0,0,0,4
"160","x040126","AREQUIPA","AREQUIPA","YANAHUARA",198,0,4,3,57
"161","x040127","AREQUIPA","AREQUIPA","YARABAMBA",7,0,0,3,16
"162","x040128","AREQUIPA","AREQUIPA","YURA",14,0,3,32,71
"163","x040129","AREQUIPA","AREQUIPA","JOSE LUIS BUSTAMANTE Y RIVERO",567,1,3,5,294
"164","x040201","AREQUIPA","CAMANA","CAMANA",57,0,2,0,141
"165","x040202","AREQUIPA","CAMANA","JOSE MARIA QUIMPER",2,0,2,0,1
"166","x040204","AREQUIPA","CAMANA","MARISCAL CACERES",12,0,0,7,8
"167","x040205","AREQUIPA","CAMANA","NICOLAS DE PIEROLA",21,0,4,13,39
"168","x040206","AREQUIPA","CAMANA","OCOÑA",3,0,2,5,12
"169","x040207","AREQUIPA","CAMANA","QUILCA",0,0,0,0,1
"170","x040208","AREQUIPA","CAMANA","SAMUEL PASTOR",9,1,3,22,60
"171","x040301","AREQUIPA","CARAVELI","CARAVELI",8,1,1,3,22
"172","x040302","AREQUIPA","CARAVELI","ACARI",5,0,1,4,19
"173","x040303","AREQUIPA","CARAVELI","ATICO",12,0,2,1,25
"174","x040305","AREQUIPA","CARAVELI","BELLA UNION",3,0,0,5,7
"175","x040307","AREQUIPA","CARAVELI","CHALA",26,4,29,8,19
"176","x040308","AREQUIPA","CARAVELI","CHAPARRA",0,0,2,3,6
"177","x040310","AREQUIPA","CARAVELI","JAQUI",3,0,0,0,1
"178","x040311","AREQUIPA","CARAVELI","LOMAS",8,0,0,7,4
"179","x040313","AREQUIPA","CARAVELI","YAUCA",6,0,0,5,8
"180","x040401","AREQUIPA","CASTILLA","APLAO",9,0,0,19,22
"181","x040409","AREQUIPA","CASTILLA","ORCOPAMPA",8,0,0,2,7
"182","x040410","AREQUIPA","CASTILLA","PAMPACOLCA",2,0,0,1,17
"183","x040413","AREQUIPA","CASTILLA","URACA",3,0,0,0,12
"184","x040414","AREQUIPA","CASTILLA","VIRACO",1,0,0,0,3
"185","x040501","AREQUIPA","CAYLLOMA","CHIVAY",8,1,0,0,68
"186","x040503","AREQUIPA","CAYLLOMA","CABANACONDE",6,0,1,3,25
"187","x040505","AREQUIPA","CAYLLOMA","CAYLLOMA",9,0,0,1,8
"188","x040507","AREQUIPA","CAYLLOMA","HUAMBO",6,0,0,3,2
"189","x040508","AREQUIPA","CAYLLOMA","HUANCA",7,0,0,12,9
"190","x040513","AREQUIPA","CAYLLOMA","MADRIGAL",1,0,0,0,3
"191","x040515","AREQUIPA","CAYLLOMA","SIBAYO",1,0,0,0,3
"192","x040520","AREQUIPA","CAYLLOMA","MAJES",25,0,0,1,113
"193","x040601","AREQUIPA","CONDESUYOS","CHUQUIBAMBA",2,0,0,1,11
"194","x040701","AREQUIPA","ISLAY","MOLLENDO",48,0,1,10,65
"195","x040702","AREQUIPA","ISLAY","COCACHACRA",13,1,1,3,52
"196","x040703","AREQUIPA","ISLAY","DEAN VALDIVIA",12,0,0,1,7
"197","x040704","AREQUIPA","ISLAY","ISLAY",7,0,0,0,11
"198","x040705","AREQUIPA","ISLAY","MEJIA",3,0,1,0,5
"199","x040706","AREQUIPA","ISLAY","PUNTA DE BOMBON",29,0,1,14,34
"200","x040801","AREQUIPA","LA UNION","COTAHUASI",0,0,0,0,4
"201","x050101","AYACUCHO","HUAMANGA","AYACUCHO",33,4,4,22,94
"202","x050103","AYACUCHO","HUAMANGA","ACOS VINCHOS",1,0,0,1,0
"203","x050104","AYACUCHO","HUAMANGA","CARMEN ALTO",1,0,1,0,8
"204","x050201","AYACUCHO","CANGALLO","CANGALLO",1,0,0,1,2
"205","x050202","AYACUCHO","CANGALLO","CHUSCHI",0,0,0,0,4
"206","x050203","AYACUCHO","CANGALLO","LOS MOROCHUCOS",0,0,0,0,2
"207","x050206","AYACUCHO","CANGALLO","TOTOS",0,0,0,0,1
"208","x050301","AYACUCHO","HUANCA SANCOS","SANCOS",1,0,0,1,2
"209","x050401","AYACUCHO","HUANTA","HUANTA",19,0,0,0,125
"210","x050407","AYACUCHO","HUANTA","SIVIA",4,0,0,0,7
"211","x050501","AYACUCHO","LA MAR","SAN MIGUEL",3,0,1,10,17
"212","x050503","AYACUCHO","LA MAR","AYNA",2,0,0,1,18
"213","x050508","AYACUCHO","LA MAR","TAMBO",5,0,0,0,4
"214","x050601","AYACUCHO","LUCANAS","PUQUIO",6,0,2,4,24
"215","x050603","AYACUCHO","LUCANAS","CABANA",1,0,0,1,1
"216","x050701","AYACUCHO","PARINACOCHAS","CORACORA",4,0,0,1,26
"217","x050801","AYACUCHO","PAUCAR DEL SARA SARA","PAUSA",3,0,0,0,3
"218","x050805","AYACUCHO","PAUCAR DEL SARA SARA","MARCABAMBA",1,0,0,2,2
"219","x050901","AYACUCHO","SUCRE","QUEROBAMBA",2,0,0,0,39
"220","x051001","AYACUCHO","VICTOR FAJARDO","HUANCAPI",0,0,0,0,1
"221","x051005","AYACUCHO","VICTOR FAJARDO","CANARIA",1,0,0,0,3
"222","x060101","CAJAMARCA","CAJAMARCA","CAJAMARCA",118,0,1,39,282
"223","x060105","CAJAMARCA","CAJAMARCA","ENCAÑADA",2,0,0,0,1
"224","x060106","CAJAMARCA","CAJAMARCA","JESUS",1,0,0,0,12
"225","x060108","CAJAMARCA","CAJAMARCA","LOS BAÑOS DEL INCA",5,0,1,19,18
"226","x060109","CAJAMARCA","CAJAMARCA","MAGDALENA",3,0,1,0,7
"227","x060111","CAJAMARCA","CAJAMARCA","NAMORA",2,0,0,0,9
"228","x060112","CAJAMARCA","CAJAMARCA","SAN JUAN",1,0,0,1,3
"229","x060201","CAJAMARCA","CAJABAMBA","CAJABAMBA",3,0,0,3,9
"230","x060202","CAJAMARCA","CAJABAMBA","CACHACHI",0,0,0,0,2
"231","x060204","CAJAMARCA","CAJABAMBA","SITACOCHA",1,0,0,0,0
"232","x060301","CAJAMARCA","CELENDIN","CELENDIN",2,0,0,1,23
"233","x060304","CAJAMARCA","CELENDIN","HUASMIN",1,0,0,0,0
"234","x060308","CAJAMARCA","CELENDIN","OXAMARCA",1,0,0,0,3
"235","x060310","CAJAMARCA","CELENDIN","SUCRE",2,0,0,0,10
"236","x060401","CAJAMARCA","CHOTA","CHOTA",0,0,0,11,16
"237","x060409","CAJAMARCA","CHOTA","HUAMBOS",0,0,1,0,1
"238","x060411","CAJAMARCA","CHOTA","LLAMA",0,0,1,2,7
"239","x060501","CAJAMARCA","CONTUMAZA","CONTUMAZA",0,0,0,0,13
"240","x060502","CAJAMARCA","CONTUMAZA","CHILETE",1,0,0,1,7
"241","x060507","CAJAMARCA","CONTUMAZA","TANTARICA",3,0,0,0,0
"242","x060508","CAJAMARCA","CONTUMAZA","YONAN",4,0,0,4,4
"243","x060601","CAJAMARCA","CUTERVO","CUTERVO",3,0,0,2,29
"244","x060603","CAJAMARCA","CUTERVO","CHOROS",0,2,0,0,4
"245","x060701","CAJAMARCA","HUALGAYOC","BAMBAMARCA",7,0,0,0,91
"246","x060703","CAJAMARCA","HUALGAYOC","HUALGAYOC",3,0,0,0,4
"247","x060801","CAJAMARCA","JAEN","JAEN",11,0,1,2,23
"248","x060802","CAJAMARCA","JAEN","BELLAVISTA",2,0,0,4,9
"249","x060806","CAJAMARCA","JAEN","LAS PIRIAS",1,0,0,0,4
"250","x060807","CAJAMARCA","JAEN","POMAHUACA",2,0,0,0,9
"251","x060808","CAJAMARCA","JAEN","PUCARA",9,0,0,1,58
"252","x060812","CAJAMARCA","JAEN","SANTA ROSA",2,0,0,0,1
"253","x060901","CAJAMARCA","SAN IGNACIO","SAN IGNACIO",8,0,2,4,58
"254","x060902","CAJAMARCA","SAN IGNACIO","CHIRINOS",1,0,0,0,13
"255","x060906","CAJAMARCA","SAN IGNACIO","SAN JOSE DE LOURDES",0,0,0,0,3
"256","x061001","CAJAMARCA","SAN MARCOS","PEDRO GALVEZ",8,1,0,44,2
"257","x061003","CAJAMARCA","SAN MARCOS","EDUARDO VILLANUEVA",2,0,1,3,4
"258","x061005","CAJAMARCA","SAN MARCOS","ICHOCAN",1,0,0,0,7
"259","x061101","CAJAMARCA","SAN MIGUEL","SAN MIGUEL",4,0,0,1,1
"260","x061102","CAJAMARCA","SAN MIGUEL","BOLIVAR",6,0,0,0,16
"261","x061105","CAJAMARCA","SAN MIGUEL","EL PRADO",0,0,0,0,2
"262","x061201","CAJAMARCA","SAN PABLO","SAN PABLO",2,0,0,2,8
"263","x061301","CAJAMARCA","SANTA CRUZ","SANTA CRUZ",6,0,0,1,42
"264","x070101","PROVINCIA CONSTITUCIONAL DEL CALLAO","PROVINCIA CONSTITUCIONAL DEL CALLAO","CALLAO",1030,5,20,194,1413
"265","x070102","PROVINCIA CONSTITUCIONAL DEL CALLAO","PROVINCIA CONSTITUCIONAL DEL CALLAO","BELLAVISTA",57,0,0,3,58
"266","x070103","PROVINCIA CONSTITUCIONAL DEL CALLAO","PROVINCIA CONSTITUCIONAL DEL CALLAO","CARMEN DE LA LEGUA REYNOSO",47,0,1,2,90
"267","x070104","PROVINCIA CONSTITUCIONAL DEL CALLAO","PROVINCIA CONSTITUCIONAL DEL CALLAO","LA PERLA",12,0,1,0,45
"268","x070105","PROVINCIA CONSTITUCIONAL DEL CALLAO","PROVINCIA CONSTITUCIONAL DEL CALLAO","LA PUNTA",8,0,0,1,12
"269","x070106","PROVINCIA CONSTITUCIONAL DEL CALLAO","PROVINCIA CONSTITUCIONAL DEL CALLAO","VENTANILLA",177,1,1,7,454
"270","x070107","PROVINCIA CONSTITUCIONAL DEL CALLAO","PROVINCIA CONSTITUCIONAL DEL CALLAO","MI PERU",10,0,0,0,61
"271","x080101","CUSCO","CUSCO","CUSCO",164,0,2,16,528
"272","x080103","CUSCO","CUSCO","POROY",1,0,0,0,2
"273","x080104","CUSCO","CUSCO","SAN JERONIMO",74,0,1,21,184
"274","x080105","CUSCO","CUSCO","SAN SEBASTIAN",122,0,0,5,470
"275","x080106","CUSCO","CUSCO","SANTIAGO",89,0,6,19,343
"276","x080107","CUSCO","CUSCO","SAYLLA",16,0,1,0,84
"277","x080108","CUSCO","CUSCO","WANCHAQ",121,4,4,187,146
"278","x080201","CUSCO","ACOMAYO","ACOMAYO",4,0,0,1,11
"279","x080204","CUSCO","ACOMAYO","MOSOC LLACTA",0,0,0,0,11
"280","x080205","CUSCO","ACOMAYO","POMACANCHI",4,1,0,13,6
"281","x080301","CUSCO","ANTA","ANTA",3,1,0,2,13
"282","x080302","CUSCO","ANTA","ANCAHUASI",5,0,0,5,4
"283","x080303","CUSCO","ANTA","CACHIMAYO",6,0,0,0,1
"284","x080305","CUSCO","ANTA","HUAROCONDO",1,0,0,6,13
"285","x080306","CUSCO","ANTA","LIMATAMBO",6,0,0,1,10
"286","x080308","CUSCO","ANTA","PUCYURA",3,0,0,1,7
"287","x080309","CUSCO","ANTA","ZURITE",0,0,1,1,18
"288","x080401","CUSCO","CALCA","CALCA",9,0,0,4,43
"289","x080405","CUSCO","CALCA","PISAC",4,0,0,1,21
"290","x080406","CUSCO","CALCA","SAN SALVADOR",1,0,0,0,16
"291","x080408","CUSCO","CALCA","YANATILE",0,0,0,0,7
"292","x080501","CUSCO","CANAS","YANAOCA",0,1,0,0,20
"293","x080601","CUSCO","CANCHIS","SICUANI",38,0,0,1,135
"294","x080603","CUSCO","CANCHIS","COMBAPATA",0,0,0,3,5
"295","x080604","CUSCO","CANCHIS","MARANGANI",3,0,0,1,5
"296","x080605","CUSCO","CANCHIS","PITUMARCA",0,1,0,3,12
"297","x080608","CUSCO","CANCHIS","TINTA",3,0,0,0,15
"298","x080701","CUSCO","CHUMBIVILCAS","SANTO TOMAS",10,0,0,1,49
"299","x080708","CUSCO","CHUMBIVILCAS","VELILLE",18,0,0,2,59
"300","x080801","CUSCO","ESPINAR","ESPINAR",4,0,0,1,89
"301","x080901","CUSCO","LA CONVENCION","SANTA ANA",34,0,1,13,104
"302","x080902","CUSCO","LA CONVENCION","ECHARATE",3,0,0,0,8
"303","x080903","CUSCO","LA CONVENCION","HUAYOPATA",6,0,1,4,11
"304","x080904","CUSCO","LA CONVENCION","MARANURA",3,0,0,2,11
"305","x080905","CUSCO","LA CONVENCION","OCOBAMBA",0,0,0,0,2
"306","x080906","CUSCO","LA CONVENCION","QUELLOUNO",0,0,0,2,0
"307","x080907","CUSCO","LA CONVENCION","KIMBIRI",0,0,0,0,1
"308","x080908","CUSCO","LA CONVENCION","SANTA TERESA",1,0,0,23,4
"309","x080910","CUSCO","LA CONVENCION","PICHARI",14,0,0,0,18
"310","x081001","CUSCO","PARURO","PARURO",2,0,0,1,3
"311","x081009","CUSCO","PARURO","YAURISQUE",1,0,0,0,0
"312","x081101","CUSCO","PAUCARTAMBO","PAUCARTAMBO",6,0,0,0,22
"313","x081105","CUSCO","PAUCARTAMBO","HUANCARANI",2,0,0,0,9
"314","x081201","CUSCO","QUISPICANCHI","URCOS",2,3,1,1,23
"315","x081202","CUSCO","QUISPICANCHI","ANDAHUAYLILLAS",2,0,0,3,15
"316","x081203","CUSCO","QUISPICANCHI","CAMANTI",0,0,0,0,1
"317","x081205","CUSCO","QUISPICANCHI","CCATCA",0,0,0,0,3
"318","x081207","CUSCO","QUISPICANCHI","HUARO",1,0,0,1,18
"319","x081208","CUSCO","QUISPICANCHI","LUCRE",17,0,0,1,33
"320","x081210","CUSCO","QUISPICANCHI","OCONGATE",4,0,0,0,36
"321","x081211","CUSCO","QUISPICANCHI","OROPESA",1,1,0,0,7
"322","x081212","CUSCO","QUISPICANCHI","QUIQUIJANA",3,0,0,2,16
"323","x081301","CUSCO","URUBAMBA","URUBAMBA",13,1,1,0,156
"324","x081302","CUSCO","URUBAMBA","CHINCHERO",6,0,0,1,12
"325","x081303","CUSCO","URUBAMBA","HUAYLLABAMBA",9,0,0,1,14
"326","x081304","CUSCO","URUBAMBA","MACHUPICCHU",15,0,1,3,53
"327","x081305","CUSCO","URUBAMBA","MARAS",4,0,0,5,25
"328","x081306","CUSCO","URUBAMBA","OLLANTAYTAMBO",25,0,1,3,40
"329","x090101","HUANCAVELICA","HUANCAVELICA","HUANCAVELICA",28,2,1,1,174
"330","x090106","HUANCAVELICA","HUANCAVELICA","HUACHOCOLPA",2,0,0,1,0
"331","x090108","HUANCAVELICA","HUANCAVELICA","IZCUCHACA",0,1,0,0,3
"332","x090111","HUANCAVELICA","HUANCAVELICA","MARISCAL CACERES",3,0,0,0,12
"333","x090119","HUANCAVELICA","HUANCAVELICA","HUANDO",0,0,0,0,1
"334","x090201","HUANCAVELICA","ACOBAMBA","ACOBAMBA",1,0,0,2,25
"335","x090206","HUANCAVELICA","ACOBAMBA","PAUCARA",1,0,0,0,11
"336","x090601","HUANCAVELICA","HUAYTARA","HUAYTARA",2,0,0,1,6
"337","x090701","HUANCAVELICA","TAYACAJA","PAMPAS",0,1,0,0,0
"338","x100101","HUANUCO","HUANUCO","HUANUCO",73,4,3,9,191
"339","x100102","HUANUCO","HUANUCO","AMARILIS",11,0,2,4,23
"340","x100103","HUANUCO","HUANUCO","CHINCHAO",1,0,1,0,5
"341","x100104","HUANUCO","HUANUCO","CHURUBAMBA",0,0,0,0,1
"342","x100109","HUANUCO","HUANUCO","SANTA MARIA DEL VALLE",2,0,0,1,0
"343","x100111","HUANUCO","HUANUCO","PILLCO MARCA",5,0,0,1,16
"344","x100201","HUANUCO","AMBO","AMBO",8,1,3,0,42
"345","x100207","HUANUCO","AMBO","SAN RAFAEL",0,0,0,0,5
"346","x100301","HUANUCO","DOS DE MAYO","LA UNION",1,0,0,0,2
"347","x100501","HUANUCO","HUAMALIES","LLATA",0,0,0,1,7
"348","x100601","HUANUCO","LEONCIO PRADO","RUPA-RUPA",11,0,0,13,82
"349","x100602","HUANUCO","LEONCIO PRADO","DANIEL ALOMIA ROBLES",0,0,0,0,1
"350","x100603","HUANUCO","LEONCIO PRADO","HERMILIO VALDIZAN",2,0,0,0,0
"351","x100604","HUANUCO","LEONCIO PRADO","JOSE CRESPO Y CASTILLO",3,0,0,0,0
"352","x100606","HUANUCO","LEONCIO PRADO","MARIANO DAMASO BERAUN",0,0,0,0,1
"353","x100701","HUANUCO","MARAÑON","HUACRACHUCO",23,0,0,0,20
"354","x100702","HUANUCO","MARAÑON","CHOLON",0,0,0,0,2
"355","x100801","HUANUCO","PACHITEA","PANAO",1,0,0,0,13
"356","x100901","HUANUCO","PUERTO INCA","PUERTO INCA",5,1,0,0,10
"357","x100904","HUANUCO","PUERTO INCA","TOURNAVISTA",0,0,0,0,2
"358","x101101","HUANUCO","YAROWILCA","CHAVINILLO",3,0,0,0,11
"359","x101108","HUANUCO","YAROWILCA","CHORAS",0,0,0,0,4
"360","x110101","ICA","ICA","ICA",219,7,12,14,831
"361","x110102","ICA","ICA","LA TINGUIÑA",4,0,0,4,56
"362","x110103","ICA","ICA","LOS AQUIJES",4,0,1,3,30
"363","x110105","ICA","ICA","PACHACUTEC",1,3,0,5,27
"364","x110106","ICA","ICA","PARCONA",13,0,2,3,121
"365","x110108","ICA","ICA","SALAS",12,0,1,5,75
"366","x110109","ICA","ICA","SAN JOSE DE LOS MOLINOS",11,0,4,1,13
"367","x110110","ICA","ICA","SAN JUAN BAUTISTA",7,0,0,5,40
"368","x110111","ICA","ICA","SANTIAGO",5,0,1,1,63
"369","x110112","ICA","ICA","SUBTANJALLA",4,2,1,51,63
"370","x110201","ICA","CHINCHA","CHINCHA ALTA",24,0,0,3,169
"371","x110202","ICA","CHINCHA","ALTO LARAN",12,0,0,1,23
"372","x110204","ICA","CHINCHA","CHINCHA BAJA",9,0,0,0,37
"373","x110205","ICA","CHINCHA","EL CARMEN",0,0,0,1,7
"374","x110206","ICA","CHINCHA","GROCIO PRADO",2,0,0,14,31
"375","x110207","ICA","CHINCHA","PUEBLO NUEVO",4,0,0,45,7
"376","x110210","ICA","CHINCHA","SUNAMPE",11,0,0,2,29
"377","x110211","ICA","CHINCHA","TAMBO DE MORA",4,0,0,1,12
"378","x110301","ICA","NASCA","NASCA",31,0,2,6,70
"379","x110303","ICA","NASCA","EL INGENIO",7,0,0,0,20
"380","x110304","ICA","NASCA","MARCONA",9,0,3,0,41
"381","x110305","ICA","NASCA","VISTA ALEGRE",7,0,0,0,18
"382","x110401","ICA","PALPA","PALPA",2,1,1,1,14
"383","x110501","ICA","PISCO","PISCO",18,1,3,16,192
"384","x110503","ICA","PISCO","HUMAY",1,0,0,0,13
"385","x110504","ICA","PISCO","INDEPENDENCIA",3,0,0,5,9
"386","x110505","ICA","PISCO","PARACAS",1,0,0,0,17
"387","x110506","ICA","PISCO","SAN ANDRES",8,0,0,1,59
"388","x110507","ICA","PISCO","SAN CLEMENTE",2,0,0,0,13
"389","x110508","ICA","PISCO","TUPAC AMARU INCA",14,2,1,1,65
"390","x120101","JUNIN","HUANCAYO","HUANCAYO",160,1,0,13,195
"391","x120107","JUNIN","HUANCAYO","CHILCA",123,0,0,8,258
"392","x120114","JUNIN","HUANCAYO","EL TAMBO",783,0,0,4,496
"393","x120121","JUNIN","HUANCAYO","HUAYUCACHI",28,1,0,8,8
"394","x120129","JUNIN","HUANCAYO","SAN AGUSTIN",3,0,0,0,16
"395","x120130","JUNIN","HUANCAYO","SAN JERONIMO DE TUNAN",8,0,0,0,24
"396","x120133","JUNIN","HUANCAYO","SAPALLANGA",62,0,0,5,41
"397","x120134","JUNIN","HUANCAYO","SICAYA",31,0,0,20,8
"398","x120201","JUNIN","CONCEPCION","CONCEPCION",6,0,0,0,9
"399","x120206","JUNIN","CONCEPCION","COMAS",1,0,0,0,3
"400","x120213","JUNIN","CONCEPCION","ORCOTUNA",1,0,0,0,3
"401","x120301","JUNIN","CHANCHAMAYO","CHANCHAMAYO",13,0,2,3,67
"402","x120302","JUNIN","CHANCHAMAYO","PERENE",13,0,1,1,5
"403","x120303","JUNIN","CHANCHAMAYO","PICHANAQUI",36,0,0,1,13
"404","x120304","JUNIN","CHANCHAMAYO","SAN LUIS DE SHUARO",7,0,0,0,12
"405","x120305","JUNIN","CHANCHAMAYO","SAN RAMON",10,1,0,2,42
"406","x120401","JUNIN","JAUJA","JAUJA",32,19,3,3,18
"407","x120402","JUNIN","JAUJA","ACOLLA",4,0,0,3,21
"408","x120403","JUNIN","JAUJA","APATA",45,0,0,1,53
"409","x120405","JUNIN","JAUJA","CANCHAYLLO",3,0,0,0,1
"410","x120431","JUNIN","JAUJA","SINCOS",1,0,0,0,1
"411","x120501","JUNIN","JUNIN","JUNIN",2,0,0,1,6
"412","x120502","JUNIN","JUNIN","CARHUAMAYO",1,0,0,0,21
"413","x120504","JUNIN","JUNIN","ULCUMAYO",0,0,0,0,3
"414","x120601","JUNIN","SATIPO","SATIPO",44,0,0,2,72
"415","x120604","JUNIN","SATIPO","MAZAMARI",16,1,1,5,7
"416","x120606","JUNIN","SATIPO","PANGOA",26,0,0,11,24
"417","x120607","JUNIN","SATIPO","RIO NEGRO",0,0,0,0,1
"418","x120701","JUNIN","TARMA","TARMA",5,0,0,0,1
"419","x120702","JUNIN","TARMA","ACOBAMBA",1,0,0,2,3
"420","x120704","JUNIN","TARMA","HUASAHUASI",7,0,1,0,7
"421","x120706","JUNIN","TARMA","PALCA",3,0,0,0,8
"422","x120801","JUNIN","YAULI","LA OROYA",21,0,0,1,42
"423","x120805","JUNIN","YAULI","MOROCOCHA",3,0,0,0,4
"424","x120901","JUNIN","CHUPACA","CHUPACA",56,0,0,0,193
"425","x130101","LA LIBERTAD","TRUJILLO","TRUJILLO",166,0,7,18,298
"426","x130102","LA LIBERTAD","TRUJILLO","EL PORVENIR",185,1,6,5,79
"427","x130103","LA LIBERTAD","TRUJILLO","FLORENCIA DE MORA",23,0,1,1,28
"428","x130104","LA LIBERTAD","TRUJILLO","HUANCHACO",117,2,6,19,56
"429","x130105","LA LIBERTAD","TRUJILLO","LA ESPERANZA",43,2,2,7,35
"430","x130106","LA LIBERTAD","TRUJILLO","LAREDO",10,0,2,2,28
"431","x130107","LA LIBERTAD","TRUJILLO","MOCHE",42,2,0,19,29
"432","x130108","LA LIBERTAD","TRUJILLO","POROTO",0,0,0,0,3
"433","x130109","LA LIBERTAD","TRUJILLO","SALAVERRY",14,0,0,1,25
"434","x130111","LA LIBERTAD","TRUJILLO","VICTOR LARCO HERRERA",19,0,4,3,59
"435","x130201","LA LIBERTAD","ASCOPE","ASCOPE",8,0,0,4,12
"436","x130202","LA LIBERTAD","ASCOPE","CHICAMA",10,0,2,5,10
"437","x130203","LA LIBERTAD","ASCOPE","CHOCOPE",9,1,0,2,11
"438","x130204","LA LIBERTAD","ASCOPE","MAGDALENA DE CAO",1,0,0,0,1
"439","x130205","LA LIBERTAD","ASCOPE","PAIJAN",6,1,1,0,22
"440","x130206","LA LIBERTAD","ASCOPE","RAZURI",10,0,0,0,8
"441","x130207","LA LIBERTAD","ASCOPE","SANTIAGO DE CAO",4,0,1,1,9
"442","x130208","LA LIBERTAD","ASCOPE","CASA GRANDE",9,1,1,5,34
"443","x130401","LA LIBERTAD","CHEPEN","CHEPEN",25,0,1,18,32
"444","x130402","LA LIBERTAD","CHEPEN","PACANGA",21,0,0,23,12
"445","x130403","LA LIBERTAD","CHEPEN","PUEBLO NUEVO",4,0,3,5,13
"446","x130501","LA LIBERTAD","JULCAN","JULCAN",1,0,0,0,3
"447","x130601","LA LIBERTAD","OTUZCO","OTUZCO",7,1,2,2,35
"448","x130602","LA LIBERTAD","OTUZCO","AGALLPAMPA",1,0,0,0,2
"449","x130608","LA LIBERTAD","OTUZCO","MACHE",1,0,0,0,0
"450","x130701","LA LIBERTAD","PACASMAYO","SAN PEDRO DE LLOC",2,0,0,1,12
"451","x130702","LA LIBERTAD","PACASMAYO","GUADALUPE",25,0,2,3,39
"452","x130703","LA LIBERTAD","PACASMAYO","JEQUETEPEQUE",1,0,0,1,1
"453","x130704","LA LIBERTAD","PACASMAYO","PACASMAYO",40,0,0,8,136
"454","x130705","LA LIBERTAD","PACASMAYO","SAN JOSE",7,0,1,3,23
"455","x130801","LA LIBERTAD","PATAZ","TAYABAMBA",4,0,0,1,12
"456","x130808","LA LIBERTAD","PATAZ","PARCOY",2,0,0,0,3
"457","x130809","LA LIBERTAD","PATAZ","PATAZ",3,0,0,0,7
"458","x130901","LA LIBERTAD","SANCHEZ CARRION","HUAMACHUCO",1,0,0,1,26
"459","x130904","LA LIBERTAD","SANCHEZ CARRION","CURGOS",0,0,0,1,2
"460","x130907","LA LIBERTAD","SANCHEZ CARRION","SARIN",0,0,0,0,2
"461","x131001","LA LIBERTAD","SANTIAGO DE CHUCO","SANTIAGO DE CHUCO",1,0,0,0,1
"462","x131002","LA LIBERTAD","SANTIAGO DE CHUCO","ANGASMARCA",4,0,0,0,3
"463","x131003","LA LIBERTAD","SANTIAGO DE CHUCO","CACHICADAN",0,0,0,0,1
"464","x131006","LA LIBERTAD","SANTIAGO DE CHUCO","QUIRUVILCA",3,0,0,1,2
"465","x131101","LA LIBERTAD","GRAN CHIMU","CASCAS",2,0,0,1,2
"466","x131201","LA LIBERTAD","VIRU","VIRU",17,1,0,2,89
"467","x131202","LA LIBERTAD","VIRU","CHAO",2,0,0,0,4
"468","x131203","LA LIBERTAD","VIRU","GUADALUPITO",2,0,0,0,11
"469","x140101","LAMBAYEQUE","CHICLAYO","CHICLAYO",102,2,9,39,615
"470","x140102","LAMBAYEQUE","CHICLAYO","CHONGOYAPE",25,0,3,1,133
"471","x140103","LAMBAYEQUE","CHICLAYO","ETEN",0,0,0,2,22
"472","x140104","LAMBAYEQUE","CHICLAYO","ETEN PUERTO",13,0,0,1,3
"473","x140105","LAMBAYEQUE","CHICLAYO","JOSE LEONARDO ORTIZ",38,0,1,26,88
"474","x140106","LAMBAYEQUE","CHICLAYO","LA VICTORIA",9,0,1,17,67
"475","x140107","LAMBAYEQUE","CHICLAYO","LAGUNAS",7,0,0,2,24
"476","x140108","LAMBAYEQUE","CHICLAYO","MONSEFU",0,0,0,1,11
"477","x140110","LAMBAYEQUE","CHICLAYO","OYOTUN",0,0,2,3,4
"478","x140111","LAMBAYEQUE","CHICLAYO","PICSI",2,0,0,0,12
"479","x140112","LAMBAYEQUE","CHICLAYO","PIMENTEL",31,2,9,20,109
"480","x140113","LAMBAYEQUE","CHICLAYO","REQUE",16,0,4,2,60
"481","x140114","LAMBAYEQUE","CHICLAYO","SANTA ROSA",6,0,0,1,38
"482","x140115","LAMBAYEQUE","CHICLAYO","SAÑA",21,1,0,7,25
"483","x140116","LAMBAYEQUE","CHICLAYO","CAYALTI",17,6,6,52,33
"484","x140117","LAMBAYEQUE","CHICLAYO","PATAPO",9,0,0,1,109
"485","x140118","LAMBAYEQUE","CHICLAYO","POMALCA",10,0,0,1,69
"486","x140119","LAMBAYEQUE","CHICLAYO","PUCALA",12,0,1,1,9
"487","x140120","LAMBAYEQUE","CHICLAYO","TUMAN",12,2,3,3,87
"488","x140201","LAMBAYEQUE","FERREÑAFE","FERREÑAFE",31,0,0,132,25
"489","x140205","LAMBAYEQUE","FERREÑAFE","PITIPO",0,0,0,6,4
"490","x140206","LAMBAYEQUE","FERREÑAFE","PUEBLO NUEVO",0,0,0,0,2
"491","x140301","LAMBAYEQUE","LAMBAYEQUE","LAMBAYEQUE",24,0,3,4,95
"492","x140303","LAMBAYEQUE","LAMBAYEQUE","ILLIMO",7,0,0,12,30
"493","x140304","LAMBAYEQUE","LAMBAYEQUE","JAYANCA",4,0,0,0,13
"494","x140305","LAMBAYEQUE","LAMBAYEQUE","MOCHUMI",6,0,0,1,38
"495","x140306","LAMBAYEQUE","LAMBAYEQUE","MORROPE",9,0,1,1,27
"496","x140307","LAMBAYEQUE","LAMBAYEQUE","MOTUPE",5,0,0,0,37
"497","x140308","LAMBAYEQUE","LAMBAYEQUE","OLMOS",13,0,1,1,36
"498","x140309","LAMBAYEQUE","LAMBAYEQUE","PACORA",7,0,0,0,16
"499","x140310","LAMBAYEQUE","LAMBAYEQUE","SALAS",11,2,4,26,3
"500","x140311","LAMBAYEQUE","LAMBAYEQUE","SAN JOSE",3,0,2,4,15
"501","x140312","LAMBAYEQUE","LAMBAYEQUE","TUCUME",2,0,0,0,46
"502","x150101","PROVINCIA DE LIMA 1/","LIMA","LIMA",3810,6,30,70,1889
"503","x150102","PROVINCIA DE LIMA 1/","LIMA","ANCON",51,0,0,6,91
"504","x150103","PROVINCIA DE LIMA 1/","LIMA","ATE",967,0,3,20,464
"505","x150104","PROVINCIA DE LIMA 1/","LIMA","BARRANCO",179,1,2,3,106
"506","x150105","PROVINCIA DE LIMA 1/","LIMA","BREÑA",155,0,0,0,239
"507","x150106","PROVINCIA DE LIMA 1/","LIMA","CARABAYLLO",133,3,2,31,371
"508","x150107","PROVINCIA DE LIMA 1/","LIMA","CHACLACAYO",74,1,2,25,159
"509","x150108","PROVINCIA DE LIMA 1/","LIMA","CHORRILLOS",83,0,3,32,183
"510","x150109","PROVINCIA DE LIMA 1/","LIMA","CIENEGUILLA",4,0,0,0,61
"511","x150110","PROVINCIA DE LIMA 1/","LIMA","COMAS",686,0,5,17,930
"512","x150111","PROVINCIA DE LIMA 1/","LIMA","EL AGUSTINO",1030,0,0,15,485
"513","x150112","PROVINCIA DE LIMA 1/","LIMA","INDEPENDENCIA",796,0,2,16,530
"514","x150113","PROVINCIA DE LIMA 1/","LIMA","JESUS MARIA",1583,1,1,29,155
"515","x150114","PROVINCIA DE LIMA 1/","LIMA","LA MOLINA",33,0,3,3,72
"516","x150115","PROVINCIA DE LIMA 1/","LIMA","LA VICTORIA",711,2,3,9,706
"517","x150116","PROVINCIA DE LIMA 1/","LIMA","LINCE",484,0,3,4,75
"518","x150117","PROVINCIA DE LIMA 1/","LIMA","LOS OLIVOS",591,1,3,8,895
"519","x150118","PROVINCIA DE LIMA 1/","LIMA","LURIGANCHO",175,1,5,6,357
"520","x150119","PROVINCIA DE LIMA 1/","LIMA","LURIN",77,2,4,1,312
"521","x150120","PROVINCIA DE LIMA 1/","LIMA","MAGDALENA DEL MAR",1119,1,0,0,157
"522","x150121","PROVINCIA DE LIMA 1/","LIMA","PUEBLO LIBRE",43,0,3,2,111
"523","x150122","PROVINCIA DE LIMA 1/","LIMA","MIRAFLORES",448,0,3,1,67
"524","x150123","PROVINCIA DE LIMA 1/","LIMA","PACHACAMAC",58,0,1,2,81
"525","x150124","PROVINCIA DE LIMA 1/","LIMA","PUCUSANA",8,0,2,0,22
"526","x150125","PROVINCIA DE LIMA 1/","LIMA","PUENTE PIEDRA",290,0,2,3,478
"527","x150126","PROVINCIA DE LIMA 1/","LIMA","PUNTA HERMOSA",10,0,0,0,17
"528","x150127","PROVINCIA DE LIMA 1/","LIMA","PUNTA NEGRA",3,0,0,0,6
"529","x150128","PROVINCIA DE LIMA 1/","LIMA","RIMAC",348,1,7,9,573
"530","x150129","PROVINCIA DE LIMA 1/","LIMA","SAN BARTOLO",68,0,1,4,50
"531","x150130","PROVINCIA DE LIMA 1/","LIMA","SAN BORJA",111,0,0,3,51
"532","x150131","PROVINCIA DE LIMA 1/","LIMA","SAN ISIDRO",444,3,7,6,258
"533","x150132","PROVINCIA DE LIMA 1/","LIMA","SAN JUAN DE LURIGANCHO",947,17,17,22,1386
"534","x150133","PROVINCIA DE LIMA 1/","LIMA","SAN JUAN DE MIRAFLORES",236,3,5,9,721
"535","x150134","PROVINCIA DE LIMA 1/","LIMA","SAN LUIS",380,0,0,2,185
"536","x150135","PROVINCIA DE LIMA 1/","LIMA","SAN MARTIN DE PORRES",409,4,4,14,633
"537","x150136","PROVINCIA DE LIMA 1/","LIMA","SAN MIGUEL",1097,0,0,5,185
"538","x150137","PROVINCIA DE LIMA 1/","LIMA","SANTA ANITA",722,2,3,57,217
"539","x150138","PROVINCIA DE LIMA 1/","LIMA","SANTA MARIA DEL MAR",0,0,0,0,0
"540","x150139","PROVINCIA DE LIMA 1/","LIMA","SANTA ROSA",6,0,0,0,70
"541","x150140","PROVINCIA DE LIMA 1/","LIMA","SANTIAGO DE SURCO",1528,1,3,12,551
"542","x150141","PROVINCIA DE LIMA 1/","LIMA","SURQUILLO",271,0,2,1,303
"543","x150142","PROVINCIA DE LIMA 1/","LIMA","VILLA EL SALVADOR",38,1,2,4,456
"544","x150143","PROVINCIA DE LIMA 1/","LIMA","VILLA MARIA DEL TRIUNFO",597,0,10,4,710
"545","x150201","LIMA PROVINCIAS 2/","BARRANCA","BARRANCA",30,0,1,3,98
"546","x150202","LIMA PROVINCIAS 2/","BARRANCA","PARAMONGA",10,0,0,2,38
"547","x150203","LIMA PROVINCIAS 2/","BARRANCA","PATIVILCA",3,0,0,0,40
"548","x150204","LIMA PROVINCIAS 2/","BARRANCA","SUPE",3,0,0,1,9
"549","x150205","LIMA PROVINCIAS 2/","BARRANCA","SUPE PUERTO",7,0,0,0,11
"550","x150401","LIMA PROVINCIAS 2/","CANTA","CANTA",0,0,1,1,3
"551","x150407","LIMA PROVINCIAS 2/","CANTA","SANTA ROSA DE QUIVES",4,0,0,0,18
"552","x150501","LIMA PROVINCIAS 2/","CAÑETE","SAN VICENTE DE CAÑETE",5,0,1,3,38
"553","x150502","LIMA PROVINCIAS 2/","CAÑETE","ASIA",5,0,1,0,22
"554","x150503","LIMA PROVINCIAS 2/","CAÑETE","CALANGO",1,0,0,0,1
"555","x150504","LIMA PROVINCIAS 2/","CAÑETE","CERRO AZUL",1,0,2,1,19
"556","x150505","LIMA PROVINCIAS 2/","CAÑETE","CHILCA",8,0,1,1,30
"557","x150507","LIMA PROVINCIAS 2/","CAÑETE","IMPERIAL",3,0,2,1,37
"558","x150508","LIMA PROVINCIAS 2/","CAÑETE","LUNAHUANA",1,0,1,5,5
"559","x150509","LIMA PROVINCIAS 2/","CAÑETE","MALA",2,0,0,3,68
"560","x150510","LIMA PROVINCIAS 2/","CAÑETE","NUEVO IMPERIAL",3,3,0,4,69
"561","x150511","LIMA PROVINCIAS 2/","CAÑETE","PACARAN",1,0,0,1,0
"562","x150512","LIMA PROVINCIAS 2/","CAÑETE","QUILMANA",2,0,1,0,18
"563","x150513","LIMA PROVINCIAS 2/","CAÑETE","SAN ANTONIO",2,1,2,0,12
"564","x150514","LIMA PROVINCIAS 2/","CAÑETE","SAN LUIS",1,0,0,0,31
"565","x150516","LIMA PROVINCIAS 2/","CAÑETE","ZUÑIGA",0,0,0,0,2
"566","x150601","LIMA PROVINCIAS 2/","HUARAL","HUARAL",2,1,0,0,3
"567","x150604","LIMA PROVINCIAS 2/","HUARAL","AUCALLAMA",7,0,0,0,7
"568","x150605","LIMA PROVINCIAS 2/","HUARAL","CHANCAY",7,0,0,0,41
"569","x150701","LIMA PROVINCIAS 2/","HUAROCHIRI","MATUCANA",3,0,0,0,2
"570","x150705","LIMA PROVINCIAS 2/","HUAROCHIRI","CHICLA",11,0,0,0,2
"571","x150709","LIMA PROVINCIAS 2/","HUAROCHIRI","HUAROCHIRI",6,0,0,10,7
"572","x150714","LIMA PROVINCIAS 2/","HUAROCHIRI","RICARDO PALMA",12,1,0,0,40
"573","x150716","LIMA PROVINCIAS 2/","HUAROCHIRI","SAN ANTONIO",11,0,0,6,70
"574","x150722","LIMA PROVINCIAS 2/","HUAROCHIRI","SAN MATEO",3,0,0,1,9
"575","x150728","LIMA PROVINCIAS 2/","HUAROCHIRI","SANTA EULALIA",14,0,0,1,34
"576","x150801","LIMA PROVINCIAS 2/","HUAURA","HUACHO",34,3,2,4,162
"577","x150805","LIMA PROVINCIAS 2/","HUAURA","HUALMAY",8,0,0,4,20
"578","x150806","LIMA PROVINCIAS 2/","HUAURA","HUAURA",24,0,3,16,18
"579","x150810","LIMA PROVINCIAS 2/","HUAURA","SANTA MARIA",1,0,0,0,0
"580","x150811","LIMA PROVINCIAS 2/","HUAURA","SAYAN",11,0,0,0,29
"581","x150812","LIMA PROVINCIAS 2/","HUAURA","VEGUETA",2,0,0,0,6
"582","x150901","LIMA PROVINCIAS 2/","OYON","OYON",2,0,0,3,4
"583","x150906","LIMA PROVINCIAS 2/","OYON","PACHANGARA",0,0,0,0,6
"584","x151001","LIMA PROVINCIAS 2/","YAUYOS","YAUYOS",0,0,0,5,7
"585","x151003","LIMA PROVINCIAS 2/","YAUYOS","ALLAUCA",0,0,0,0,6
"586","x151008","LIMA PROVINCIAS 2/","YAUYOS","CATAHUASI",0,0,0,0,2
"587","x151015","LIMA PROVINCIAS 2/","YAUYOS","HUANGASCAR",0,0,0,0,1
"588","x160101","LORETO","MAYNAS","IQUITOS",135,1,30,14,612
"589","x160108","LORETO","MAYNAS","PUNCHANA",1,1,1,6,12
"590","x160112","LORETO","MAYNAS","BELEN",26,1,3,0,79
"591","x160113","LORETO","MAYNAS","SAN JUAN BAUTISTA",1,0,0,1,0
"592","x160201","LORETO","ALTO AMAZONAS","YURIMAGUAS",15,1,2,4,144
"593","x160301","LORETO","LORETO","NAUTA",9,0,0,1,4
"594","x160401","LORETO","MARISCAL RAMON CASTILLA","RAMON CASTILLA",1,1,0,2,6
"595","x160402","LORETO","MARISCAL RAMON CASTILLA","PEBAS",1,0,0,0,3
"596","x160404","LORETO","MARISCAL RAMON CASTILLA","SAN PABLO",2,0,0,0,0
"597","x160501","LORETO","REQUENA","REQUENA",3,0,0,1,5
"598","x160503","LORETO","REQUENA","CAPELO",1,0,0,0,0
"599","x160601","LORETO","UCAYALI","CONTAMANA",1,0,0,2,17
"600","x160606","LORETO","UCAYALI","VARGAS GUERRA",0,0,0,0,1
"601","x170101","MADRE DE DIOS","TAMBOPATA","TAMBOPATA",59,0,2,3,311
"602","x170102","MADRE DE DIOS","TAMBOPATA","INAMBARI",4,0,0,0,22
"603","x170103","MADRE DE DIOS","TAMBOPATA","LAS PIEDRAS",2,0,0,0,3
"604","x170104","MADRE DE DIOS","TAMBOPATA","LABERINTO",0,0,0,0,1
"605","x170201","MADRE DE DIOS","MANU","MANU",0,0,0,1,0
"606","x170203","MADRE DE DIOS","MANU","MADRE DE DIOS",4,0,1,0,6
"607","x170204","MADRE DE DIOS","MANU","HUEPETUHE",0,0,0,0,4
"608","x170302","MADRE DE DIOS","TAHUAMANU","IBERIA",0,0,0,0,1
"609","x180101","MOQUEGUA","MARISCAL NIETO","MOQUEGUA",147,1,0,2,164
"610","x180104","MOQUEGUA","MARISCAL NIETO","SAMEGUA",13,0,1,0,6
"611","x180201","MOQUEGUA","GENERAL SANCHEZ CERRO","OMATE",3,0,0,4,25
"612","x180209","MOQUEGUA","GENERAL SANCHEZ CERRO","QUINISTAQUILLAS",0,0,0,0,2
"613","x180301","MOQUEGUA","ILO","ILO",38,3,25,143,19
"614","x180303","MOQUEGUA","ILO","PACOCHA",6,0,1,4,4
"615","x190101","PASCO","PASCO","CHAUPIMARCA",2,0,0,0,5
"616","x190102","PASCO","PASCO","HUACHON",1,0,0,0,2
"617","x190103","PASCO","PASCO","HUARIACA",4,0,0,0,4
"618","x190104","PASCO","PASCO","HUAYLLAY",6,0,0,0,4
"619","x190107","PASCO","PASCO","PAUCARTAMBO",3,0,0,1,24
"620","x190108","PASCO","PASCO","SAN FRANCISCO DE ASIS DE YARUSYACAN",1,0,0,2,0
"621","x190110","PASCO","PASCO","TICLACAYAN",1,0,0,1,2
"622","x190111","PASCO","PASCO","TINYAHUARCO",1,0,0,0,13
"623","x190112","PASCO","PASCO","VICCO",1,0,0,1,1
"624","x190113","PASCO","PASCO","YANACANCHA",6,0,0,1,5
"625","x190201","PASCO","DANIEL ALCIDES CARRION","YANAHUANCA",0,0,0,3,7
"626","x190202","PASCO","DANIEL ALCIDES CARRION","CHACAYAN",0,0,0,0,1
"627","x190206","PASCO","DANIEL ALCIDES CARRION","SANTA ANA DE TUSI",1,0,0,0,0
"628","x190301","PASCO","OXAPAMPA","OXAPAMPA",26,0,1,11,50
"629","x190303","PASCO","OXAPAMPA","HUANCABAMBA",0,0,0,0,1
"630","x190305","PASCO","OXAPAMPA","POZUZO",3,1,0,0,7
"631","x190306","PASCO","OXAPAMPA","PUERTO BERMUDEZ",20,1,0,0,18
"632","x190307","PASCO","OXAPAMPA","VILLA RICA",26,0,1,0,48
"633","x200101","PIURA","PIURA","PIURA",75,42,36,22,116
"634","x200104","PIURA","PIURA","CASTILLA",23,3,16,4,147
"635","x200105","PIURA","PIURA","CATACAOS",13,0,1,0,120
"636","x200107","PIURA","PIURA","CURA MORI",11,0,0,0,3
"637","x200109","PIURA","PIURA","LA ARENA",4,0,0,4,7
"638","x200110","PIURA","PIURA","LA UNION",24,0,1,1,14
"639","x200111","PIURA","PIURA","LAS LOMAS",12,0,1,2,9
"640","x200114","PIURA","PIURA","TAMBO GRANDE",16,0,2,0,11
"641","x200115","PIURA","PIURA","VEINTISEIS DE OCTUBRE",19,0,6,5,71
"642","x200201","PIURA","AYABACA","AYABACA",6,0,0,4,11
"643","x200206","PIURA","AYABACA","PACAIPAMPA",2,0,0,0,2
"644","x200207","PIURA","AYABACA","PAIMAS",5,0,0,6,2
"645","x200209","PIURA","AYABACA","SICCHEZ",0,3,4,0,3
"646","x200210","PIURA","AYABACA","SUYO",2,0,2,15,7
"647","x200301","PIURA","HUANCABAMBA","HUANCABAMBA",2,1,3,0,44
"648","x200302","PIURA","HUANCABAMBA","CANCHAQUE",1,0,0,2,7
"649","x200303","PIURA","HUANCABAMBA","EL CARMEN DE LA FRONTERA",0,0,0,1,5
"650","x200304","PIURA","HUANCABAMBA","HUARMACA",0,0,0,2,1
"651","x200306","PIURA","HUANCABAMBA","SAN MIGUEL DE EL FAIQUE",1,0,0,0,0
"652","x200308","PIURA","HUANCABAMBA","SONDORILLO",2,0,0,0,2
"653","x200401","PIURA","MORROPON","CHULUCANAS",8,2,3,8,31
"654","x200402","PIURA","MORROPON","BUENOS AIRES",5,1,1,6,4
"655","x200404","PIURA","MORROPON","LA MATANZA",0,1,0,0,3
"656","x200405","PIURA","MORROPON","MORROPON",2,0,0,0,4
"657","x200407","PIURA","MORROPON","SAN JUAN DE BIGOTE",1,0,0,0,0
"658","x200408","PIURA","MORROPON","SANTA CATALINA DE MOSSA",0,0,0,3,1
"659","x200409","PIURA","MORROPON","SANTO DOMINGO",0,0,0,1,0
"660","x200410","PIURA","MORROPON","YAMANGO",1,0,0,0,1
"661","x200501","PIURA","PAITA","PAITA",15,1,1,4,61
"662","x200502","PIURA","PAITA","AMOTAPE",2,0,0,0,2
"663","x200504","PIURA","PAITA","COLAN",0,0,0,0,3
"664","x200506","PIURA","PAITA","TAMARINDO",7,0,0,0,15
"665","x200507","PIURA","PAITA","VICHAYAL",2,0,0,0,0
"666","x200601","PIURA","SULLANA","SULLANA",32,2,6,26,102
"667","x200602","PIURA","SULLANA","BELLAVISTA",11,0,0,2,27
"668","x200603","PIURA","SULLANA","IGNACIO ESCUDERO",2,0,0,0,3
"669","x200604","PIURA","SULLANA","LANCONES",0,1,0,1,0
"670","x200605","PIURA","SULLANA","MARCAVELICA",2,0,0,0,3
"671","x200606","PIURA","SULLANA","MIGUEL CHECA",1,0,3,0,2
"672","x200607","PIURA","SULLANA","QUERECOTILLO",2,1,5,5,15
"673","x200701","PIURA","TALARA","PARIÑAS",115,0,0,0,136
"674","x200702","PIURA","TALARA","EL ALTO",1,0,0,0,29
"675","x200703","PIURA","TALARA","LA BREA",0,0,0,0,2
"676","x200705","PIURA","TALARA","LOS ORGANOS",2,1,0,0,4
"677","x200706","PIURA","TALARA","MANCORA",21,0,0,0,4
"678","x200801","PIURA","SECHURA","SECHURA",10,0,0,2,32
"679","x200803","PIURA","SECHURA","BERNAL",2,0,0,2,19
"680","x200805","PIURA","SECHURA","VICE",0,0,0,0,3
"681","x210101","PUNO","PUNO","PUNO",115,2,5,54,383
"682","x210102","PUNO","PUNO","ACORA",1,0,0,6,34
"683","x210105","PUNO","PUNO","CAPACHICA",1,0,0,2,4
"684","x210106","PUNO","PUNO","CHUCUITO",1,0,0,1,7
"685","x210108","PUNO","PUNO","HUATA",1,0,0,0,3
"686","x210109","PUNO","PUNO","MAÑAZO",6,0,0,0,8
"687","x210110","PUNO","PUNO","PAUCARCOLLA",2,0,0,5,6
"688","x210111","PUNO","PUNO","PICHACANI",0,0,1,1,4
"689","x210112","PUNO","PUNO","PLATERIA",0,1,0,0,13
"690","x210114","PUNO","PUNO","TIQUILLACA",0,1,0,0,1
"691","x210201","PUNO","AZANGARO","AZANGARO",6,1,1,2,10
"692","x210204","PUNO","AZANGARO","ASILLO",0,1,1,1,15
"693","x210207","PUNO","AZANGARO","JOSE DOMINGO CHOQUEHUANCA",2,0,0,1,9
"694","x210209","PUNO","AZANGARO","POTONI",1,0,0,1,0
"695","x210211","PUNO","AZANGARO","SAN ANTON",0,0,0,0,2
"696","x210301","PUNO","CARABAYA","MACUSANI",1,0,0,0,2
"697","x210401","PUNO","CHUCUITO","JULI",5,0,0,2,37
"698","x210402","PUNO","CHUCUITO","DESAGUADERO",1,0,0,1,4
"699","x210403","PUNO","CHUCUITO","HUACULLANI",0,0,0,0,2
"700","x210406","PUNO","CHUCUITO","POMATA",0,0,0,0,13
"701","x210407","PUNO","CHUCUITO","ZEPITA",0,1,1,14,10
"702","x210501","PUNO","EL COLLAO","ILAVE",0,0,0,0,28
"703","x210503","PUNO","EL COLLAO","PILCUYO",1,0,0,0,8
"704","x210504","PUNO","EL COLLAO","SANTA ROSA",1,0,1,0,7
"705","x210605","PUNO","HUANCANE","PUSI",4,1,0,2,16
"706","x210607","PUNO","HUANCANE","TARACO",0,0,0,1,4
"707","x210608","PUNO","HUANCANE","VILQUE CHICO",1,0,0,0,4
"708","x210701","PUNO","LAMPA","LAMPA",2,0,0,0,2
"709","x210702","PUNO","LAMPA","CABANILLA",1,0,0,4,2
"710","x210708","PUNO","LAMPA","PUCARA",2,0,3,1,22
"711","x210709","PUNO","LAMPA","SANTA LUCIA",1,0,0,0,0
"712","x210801","PUNO","MELGAR","AYAVIRI",1,1,0,4,13
"713","x210806","PUNO","MELGAR","NUÑOA",1,0,0,0,2
"714","x210807","PUNO","MELGAR","ORURILLO",3,0,1,1,8
"715","x210808","PUNO","MELGAR","SANTA ROSA",0,0,0,0,3
"716","x210901","PUNO","MOHO","MOHO",1,0,0,0,2
"717","x210902","PUNO","MOHO","CONIMA",2,0,0,1,4
"718","x211001","PUNO","SAN ANTONIO DE PUTINA","PUTINA",1,1,0,0,8
"719","x211002","PUNO","SAN ANTONIO DE PUTINA","ANANEA",0,0,0,0,6
"720","x211101","PUNO","SAN ROMAN","JULIACA",151,1,1,7,335
"721","x211102","PUNO","SAN ROMAN","CABANA",3,2,0,0,5
"722","x211103","PUNO","SAN ROMAN","CABANILLAS",4,0,0,0,19
"723","x211104","PUNO","SAN ROMAN","CARACOTO",6,1,0,0,7
"724","x211201","PUNO","SANDIA","SANDIA",2,1,0,1,6
"725","x211301","PUNO","YUNGUYO","YUNGUYO",3,0,0,0,17
"726","x211303","PUNO","YUNGUYO","COPANI",0,0,0,0,10
"727","x211304","PUNO","YUNGUYO","CUTURAPI",0,0,1,0,1
"728","x211307","PUNO","YUNGUYO","UNICACHI",6,0,0,0,4
"729","x220101","SAN MARTIN","MOYOBAMBA","MOYOBAMBA",27,0,1,7,116
"730","x220102","SAN MARTIN","MOYOBAMBA","CALZADA",2,0,0,4,10
"731","x220105","SAN MARTIN","MOYOBAMBA","SORITOR",0,0,0,0,27
"732","x220201","SAN MARTIN","BELLAVISTA","BELLAVISTA",1,0,0,0,2
"733","x220205","SAN MARTIN","BELLAVISTA","SAN PABLO",0,0,0,0,2
"734","x220301","SAN MARTIN","EL DORADO","SAN JOSE DE SISA",0,0,0,0,1
"735","x220401","SAN MARTIN","HUALLAGA","SAPOSOA",3,0,0,4,14
"736","x220405","SAN MARTIN","HUALLAGA","SACANCHE",1,0,0,1,4
"737","x220501","SAN MARTIN","LAMAS","LAMAS",2,0,0,0,13
"738","x220502","SAN MARTIN","LAMAS","ALONSO DE ALVARADO",3,0,1,0,2
"739","x220510","SAN MARTIN","LAMAS","TABALOSOS",3,0,0,0,2
"740","x220601","SAN MARTIN","MARISCAL CACERES","JUANJUI",7,0,1,5,26
"741","x220701","SAN MARTIN","PICOTA","PICOTA",2,0,3,6,1
"742","x220707","SAN MARTIN","PICOTA","SAN HILARION",3,0,0,0,2
"743","x220801","SAN MARTIN","RIOJA","RIOJA",1,0,0,2,9
"744","x220804","SAN MARTIN","RIOJA","NUEVA CAJAMARCA",5,0,0,2,6
"745","x220805","SAN MARTIN","RIOJA","PARDO MIGUEL",0,0,0,0,1
"746","x220901","SAN MARTIN","SAN MARTIN","TARAPOTO",12,1,0,2,36
"747","x220904","SAN MARTIN","SAN MARTIN","CHAZUTA",1,0,1,2,1
"748","x220909","SAN MARTIN","SAN MARTIN","LA BANDA DE SHILCAYO",0,0,1,0,6
"749","x220910","SAN MARTIN","SAN MARTIN","MORALES",14,1,0,8,11
"750","x220914","SAN MARTIN","SAN MARTIN","SHAPAJA",1,0,0,0,0
"751","x221001","SAN MARTIN","TOCACHE","TOCACHE",7,0,2,17,20
"752","x221002","SAN MARTIN","TOCACHE","NUEVO PROGRESO",4,0,0,0,15
"753","x221005","SAN MARTIN","TOCACHE","UCHIZA",9,0,0,3,34
"754","x230101","TACNA","TACNA","TACNA",196,1,7,37,468
"755","x230102","TACNA","TACNA","ALTO DE LA ALIANZA",39,0,0,1,82
"756","x230104","TACNA","TACNA","CIUDAD NUEVA",5,0,1,3,22
"757","x230105","TACNA","TACNA","INCLAN",5,1,0,3,1
"758","x230106","TACNA","TACNA","PACHIA",4,0,0,7,0
"759","x230108","TACNA","TACNA","POCOLLAY",9,0,1,4,51
"760","x230109","TACNA","TACNA","SAMA",4,0,0,5,2
"761","x230110","TACNA","TACNA","CORONEL GREGORIO ALBARRACIN LANCHIPA",57,0,2,33,171
"762","x230301","TACNA","JORGE BASADRE","LOCUMBA",0,0,0,0,2
"763","x230302","TACNA","JORGE BASADRE","ILABAYA",5,0,0,0,3
"764","x230303","TACNA","JORGE BASADRE","ITE",1,0,0,0,0
"765","x230401","TACNA","TARATA","TARATA",5,3,1,2,28
"766","x230404","TACNA","TARATA","ESTIQUE-PAMPA",1,0,0,0,3
"767","x240101","TUMBES","TUMBES","TUMBES",55,8,14,61,356
"768","x240102","TUMBES","TUMBES","CORRALES",3,0,0,21,8
"769","x240103","TUMBES","TUMBES","LA CRUZ",1,0,0,3,0
"770","x240104","TUMBES","TUMBES","PAMPAS DE HOSPITAL",1,0,0,0,3
"771","x240105","TUMBES","TUMBES","SAN JACINTO",0,0,0,0,1
"772","x240106","TUMBES","TUMBES","SAN JUAN DE LA VIRGEN",8,0,0,0,1
"773","x240201","TUMBES","CONTRALMIRANTE VILLAR","ZORRITOS",4,0,0,20,12
"774","x240202","TUMBES","CONTRALMIRANTE VILLAR","CASITAS",0,0,1,3,0
"775","x240203","TUMBES","CONTRALMIRANTE VILLAR","CANOAS DE PUNTA SAL",4,0,0,1,2
"776","x240301","TUMBES","ZARUMILLA","ZARUMILLA",12,0,1,6,130
"777","x240302","TUMBES","ZARUMILLA","AGUAS VERDES",6,0,0,0,10
"778","x240304","TUMBES","ZARUMILLA","PAPAYAL",10,0,0,2,5
"779","x250101","UCAYALI","CORONEL PORTILLO","CALLERIA",46,0,0,6,239
"780","x250102","UCAYALI","CORONEL PORTILLO","CAMPOVERDE",3,0,1,1,23
"781","x250105","UCAYALI","CORONEL PORTILLO","YARINACOCHA",17,0,1,0,100
"782","x250107","UCAYALI","CORONEL PORTILLO","MANANTAY",18,0,0,3,87
"783","x250201","UCAYALI","ATALAYA","RAYMONDI",11,0,0,0,17
"784","x250301","UCAYALI","PADRE ABAD","PADRE ABAD",17,0,1,4,64
"785","x250302","UCAYALI","PADRE ABAD","IRAZOLA",2,0,0,1,2
"786","x250304","UCAYALI","PADRE ABAD","NESHUYA",5,3,2,2,5
"787","x250305","UCAYALI","PADRE ABAD","ALEXANDER VON HUMBOLDT",0,0,0,0,2
